--
-- PostgreSQL database dump
--

-- Dumped from database version 12.9 (Ubuntu 12.9-0ubuntu0.20.04.1)
-- Dumped by pg_dump version 12.9 (Ubuntu 12.9-0ubuntu0.20.04.1)

SET statement_timeout = 0;
SET lock_timeout = 0;
SET idle_in_transaction_session_timeout = 0;
SET client_encoding = 'UTF8';
SET standard_conforming_strings = on;
SELECT pg_catalog.set_config('search_path', '', false);
SET check_function_bodies = false;
SET xmloption = content;
SET client_min_messages = warning;
SET row_security = off;

SET default_tablespace = '';

SET default_table_access_method = heap;

--
-- Name: auth_group; Type: TABLE; Schema: public; Owner: gpstrack_user
--

CREATE TABLE public.auth_group (
    id integer NOT NULL,
    name character varying(150) NOT NULL
);


ALTER TABLE public.auth_group OWNER TO gpstrack_user;

--
-- Name: auth_group_id_seq; Type: SEQUENCE; Schema: public; Owner: gpstrack_user
--

CREATE SEQUENCE public.auth_group_id_seq
    AS integer
    START WITH 1
    INCREMENT BY 1
    NO MINVALUE
    NO MAXVALUE
    CACHE 1;


ALTER TABLE public.auth_group_id_seq OWNER TO gpstrack_user;

--
-- Name: auth_group_id_seq; Type: SEQUENCE OWNED BY; Schema: public; Owner: gpstrack_user
--

ALTER SEQUENCE public.auth_group_id_seq OWNED BY public.auth_group.id;


--
-- Name: auth_group_permissions; Type: TABLE; Schema: public; Owner: gpstrack_user
--

CREATE TABLE public.auth_group_permissions (
    id bigint NOT NULL,
    group_id integer NOT NULL,
    permission_id integer NOT NULL
);


ALTER TABLE public.auth_group_permissions OWNER TO gpstrack_user;

--
-- Name: auth_group_permissions_id_seq; Type: SEQUENCE; Schema: public; Owner: gpstrack_user
--

CREATE SEQUENCE public.auth_group_permissions_id_seq
    START WITH 1
    INCREMENT BY 1
    NO MINVALUE
    NO MAXVALUE
    CACHE 1;


ALTER TABLE public.auth_group_permissions_id_seq OWNER TO gpstrack_user;

--
-- Name: auth_group_permissions_id_seq; Type: SEQUENCE OWNED BY; Schema: public; Owner: gpstrack_user
--

ALTER SEQUENCE public.auth_group_permissions_id_seq OWNED BY public.auth_group_permissions.id;


--
-- Name: auth_permission; Type: TABLE; Schema: public; Owner: gpstrack_user
--

CREATE TABLE public.auth_permission (
    id integer NOT NULL,
    name character varying(255) NOT NULL,
    content_type_id integer NOT NULL,
    codename character varying(100) NOT NULL
);


ALTER TABLE public.auth_permission OWNER TO gpstrack_user;

--
-- Name: auth_permission_id_seq; Type: SEQUENCE; Schema: public; Owner: gpstrack_user
--

CREATE SEQUENCE public.auth_permission_id_seq
    AS integer
    START WITH 1
    INCREMENT BY 1
    NO MINVALUE
    NO MAXVALUE
    CACHE 1;


ALTER TABLE public.auth_permission_id_seq OWNER TO gpstrack_user;

--
-- Name: auth_permission_id_seq; Type: SEQUENCE OWNED BY; Schema: public; Owner: gpstrack_user
--

ALTER SEQUENCE public.auth_permission_id_seq OWNED BY public.auth_permission.id;


--
-- Name: auth_user; Type: TABLE; Schema: public; Owner: gpstrack_user
--

CREATE TABLE public.auth_user (
    id integer NOT NULL,
    password character varying(128) NOT NULL,
    last_login timestamp with time zone,
    is_superuser boolean NOT NULL,
    username character varying(150) NOT NULL,
    first_name character varying(150) NOT NULL,
    last_name character varying(150) NOT NULL,
    email character varying(254) NOT NULL,
    is_staff boolean NOT NULL,
    is_active boolean NOT NULL,
    date_joined timestamp with time zone NOT NULL
);


ALTER TABLE public.auth_user OWNER TO gpstrack_user;

--
-- Name: auth_user_groups; Type: TABLE; Schema: public; Owner: gpstrack_user
--

CREATE TABLE public.auth_user_groups (
    id bigint NOT NULL,
    user_id integer NOT NULL,
    group_id integer NOT NULL
);


ALTER TABLE public.auth_user_groups OWNER TO gpstrack_user;

--
-- Name: auth_user_groups_id_seq; Type: SEQUENCE; Schema: public; Owner: gpstrack_user
--

CREATE SEQUENCE public.auth_user_groups_id_seq
    START WITH 1
    INCREMENT BY 1
    NO MINVALUE
    NO MAXVALUE
    CACHE 1;


ALTER TABLE public.auth_user_groups_id_seq OWNER TO gpstrack_user;

--
-- Name: auth_user_groups_id_seq; Type: SEQUENCE OWNED BY; Schema: public; Owner: gpstrack_user
--

ALTER SEQUENCE public.auth_user_groups_id_seq OWNED BY public.auth_user_groups.id;


--
-- Name: auth_user_id_seq; Type: SEQUENCE; Schema: public; Owner: gpstrack_user
--

CREATE SEQUENCE public.auth_user_id_seq
    AS integer
    START WITH 1
    INCREMENT BY 1
    NO MINVALUE
    NO MAXVALUE
    CACHE 1;


ALTER TABLE public.auth_user_id_seq OWNER TO gpstrack_user;

--
-- Name: auth_user_id_seq; Type: SEQUENCE OWNED BY; Schema: public; Owner: gpstrack_user
--

ALTER SEQUENCE public.auth_user_id_seq OWNED BY public.auth_user.id;


--
-- Name: auth_user_user_permissions; Type: TABLE; Schema: public; Owner: gpstrack_user
--

CREATE TABLE public.auth_user_user_permissions (
    id bigint NOT NULL,
    user_id integer NOT NULL,
    permission_id integer NOT NULL
);


ALTER TABLE public.auth_user_user_permissions OWNER TO gpstrack_user;

--
-- Name: auth_user_user_permissions_id_seq; Type: SEQUENCE; Schema: public; Owner: gpstrack_user
--

CREATE SEQUENCE public.auth_user_user_permissions_id_seq
    START WITH 1
    INCREMENT BY 1
    NO MINVALUE
    NO MAXVALUE
    CACHE 1;


ALTER TABLE public.auth_user_user_permissions_id_seq OWNER TO gpstrack_user;

--
-- Name: auth_user_user_permissions_id_seq; Type: SEQUENCE OWNED BY; Schema: public; Owner: gpstrack_user
--

ALTER SEQUENCE public.auth_user_user_permissions_id_seq OWNED BY public.auth_user_user_permissions.id;


--
-- Name: django_admin_log; Type: TABLE; Schema: public; Owner: gpstrack_user
--

CREATE TABLE public.django_admin_log (
    id integer NOT NULL,
    action_time timestamp with time zone NOT NULL,
    object_id text,
    object_repr character varying(200) NOT NULL,
    action_flag smallint NOT NULL,
    change_message text NOT NULL,
    content_type_id integer,
    user_id integer NOT NULL,
    CONSTRAINT django_admin_log_action_flag_check CHECK ((action_flag >= 0))
);


ALTER TABLE public.django_admin_log OWNER TO gpstrack_user;

--
-- Name: django_admin_log_id_seq; Type: SEQUENCE; Schema: public; Owner: gpstrack_user
--

CREATE SEQUENCE public.django_admin_log_id_seq
    AS integer
    START WITH 1
    INCREMENT BY 1
    NO MINVALUE
    NO MAXVALUE
    CACHE 1;


ALTER TABLE public.django_admin_log_id_seq OWNER TO gpstrack_user;

--
-- Name: django_admin_log_id_seq; Type: SEQUENCE OWNED BY; Schema: public; Owner: gpstrack_user
--

ALTER SEQUENCE public.django_admin_log_id_seq OWNED BY public.django_admin_log.id;


--
-- Name: django_content_type; Type: TABLE; Schema: public; Owner: gpstrack_user
--

CREATE TABLE public.django_content_type (
    id integer NOT NULL,
    app_label character varying(100) NOT NULL,
    model character varying(100) NOT NULL
);


ALTER TABLE public.django_content_type OWNER TO gpstrack_user;

--
-- Name: django_content_type_id_seq; Type: SEQUENCE; Schema: public; Owner: gpstrack_user
--

CREATE SEQUENCE public.django_content_type_id_seq
    AS integer
    START WITH 1
    INCREMENT BY 1
    NO MINVALUE
    NO MAXVALUE
    CACHE 1;


ALTER TABLE public.django_content_type_id_seq OWNER TO gpstrack_user;

--
-- Name: django_content_type_id_seq; Type: SEQUENCE OWNED BY; Schema: public; Owner: gpstrack_user
--

ALTER SEQUENCE public.django_content_type_id_seq OWNED BY public.django_content_type.id;


--
-- Name: django_migrations; Type: TABLE; Schema: public; Owner: gpstrack_user
--

CREATE TABLE public.django_migrations (
    id bigint NOT NULL,
    app character varying(255) NOT NULL,
    name character varying(255) NOT NULL,
    applied timestamp with time zone NOT NULL
);


ALTER TABLE public.django_migrations OWNER TO gpstrack_user;

--
-- Name: django_migrations_id_seq; Type: SEQUENCE; Schema: public; Owner: gpstrack_user
--

CREATE SEQUENCE public.django_migrations_id_seq
    START WITH 1
    INCREMENT BY 1
    NO MINVALUE
    NO MAXVALUE
    CACHE 1;


ALTER TABLE public.django_migrations_id_seq OWNER TO gpstrack_user;

--
-- Name: django_migrations_id_seq; Type: SEQUENCE OWNED BY; Schema: public; Owner: gpstrack_user
--

ALTER SEQUENCE public.django_migrations_id_seq OWNED BY public.django_migrations.id;


--
-- Name: django_session; Type: TABLE; Schema: public; Owner: gpstrack_user
--

CREATE TABLE public.django_session (
    session_key character varying(40) NOT NULL,
    session_data text NOT NULL,
    expire_date timestamp with time zone NOT NULL
);


ALTER TABLE public.django_session OWNER TO gpstrack_user;

--
-- Name: listenports_trackers; Type: TABLE; Schema: public; Owner: gpstrack_user
--

CREATE TABLE public.listenports_trackers (
    id bigint NOT NULL,
    tracker_id integer NOT NULL,
    description text,
    resend boolean NOT NULL,
    user_id integer NOT NULL
);


ALTER TABLE public.listenports_trackers OWNER TO gpstrack_user;

--
-- Name: listenports_trackers_id_seq; Type: SEQUENCE; Schema: public; Owner: gpstrack_user
--

CREATE SEQUENCE public.listenports_trackers_id_seq
    START WITH 1
    INCREMENT BY 1
    NO MINVALUE
    NO MAXVALUE
    CACHE 1;


ALTER TABLE public.listenports_trackers_id_seq OWNER TO gpstrack_user;

--
-- Name: listenports_trackers_id_seq; Type: SEQUENCE OWNED BY; Schema: public; Owner: gpstrack_user
--

ALTER SEQUENCE public.listenports_trackers_id_seq OWNED BY public.listenports_trackers.id;


--
-- Name: listenports_tracks; Type: TABLE; Schema: public; Owner: gpstrack_user
--

CREATE TABLE public.listenports_tracks (
    id bigint NOT NULL,
    tracker_id integer NOT NULL,
    lon double precision,
    lat double precision,
    alt double precision,
    speed double precision,
    accuracy double precision,
    bearing double precision,
    "timestamp" timestamp with time zone NOT NULL,
    tracker_m_id bigint
);


ALTER TABLE public.listenports_tracks OWNER TO gpstrack_user;

--
-- Name: listenports_tracks_id_seq; Type: SEQUENCE; Schema: public; Owner: gpstrack_user
--

CREATE SEQUENCE public.listenports_tracks_id_seq
    START WITH 1
    INCREMENT BY 1
    NO MINVALUE
    NO MAXVALUE
    CACHE 1;


ALTER TABLE public.listenports_tracks_id_seq OWNER TO gpstrack_user;

--
-- Name: listenports_tracks_id_seq; Type: SEQUENCE OWNED BY; Schema: public; Owner: gpstrack_user
--

ALTER SEQUENCE public.listenports_tracks_id_seq OWNED BY public.listenports_tracks.id;


--
-- Name: auth_group id; Type: DEFAULT; Schema: public; Owner: gpstrack_user
--

ALTER TABLE ONLY public.auth_group ALTER COLUMN id SET DEFAULT nextval('public.auth_group_id_seq'::regclass);


--
-- Name: auth_group_permissions id; Type: DEFAULT; Schema: public; Owner: gpstrack_user
--

ALTER TABLE ONLY public.auth_group_permissions ALTER COLUMN id SET DEFAULT nextval('public.auth_group_permissions_id_seq'::regclass);


--
-- Name: auth_permission id; Type: DEFAULT; Schema: public; Owner: gpstrack_user
--

ALTER TABLE ONLY public.auth_permission ALTER COLUMN id SET DEFAULT nextval('public.auth_permission_id_seq'::regclass);


--
-- Name: auth_user id; Type: DEFAULT; Schema: public; Owner: gpstrack_user
--

ALTER TABLE ONLY public.auth_user ALTER COLUMN id SET DEFAULT nextval('public.auth_user_id_seq'::regclass);


--
-- Name: auth_user_groups id; Type: DEFAULT; Schema: public; Owner: gpstrack_user
--

ALTER TABLE ONLY public.auth_user_groups ALTER COLUMN id SET DEFAULT nextval('public.auth_user_groups_id_seq'::regclass);


--
-- Name: auth_user_user_permissions id; Type: DEFAULT; Schema: public; Owner: gpstrack_user
--

ALTER TABLE ONLY public.auth_user_user_permissions ALTER COLUMN id SET DEFAULT nextval('public.auth_user_user_permissions_id_seq'::regclass);


--
-- Name: django_admin_log id; Type: DEFAULT; Schema: public; Owner: gpstrack_user
--

ALTER TABLE ONLY public.django_admin_log ALTER COLUMN id SET DEFAULT nextval('public.django_admin_log_id_seq'::regclass);


--
-- Name: django_content_type id; Type: DEFAULT; Schema: public; Owner: gpstrack_user
--

ALTER TABLE ONLY public.django_content_type ALTER COLUMN id SET DEFAULT nextval('public.django_content_type_id_seq'::regclass);


--
-- Name: django_migrations id; Type: DEFAULT; Schema: public; Owner: gpstrack_user
--

ALTER TABLE ONLY public.django_migrations ALTER COLUMN id SET DEFAULT nextval('public.django_migrations_id_seq'::regclass);


--
-- Name: listenports_trackers id; Type: DEFAULT; Schema: public; Owner: gpstrack_user
--

ALTER TABLE ONLY public.listenports_trackers ALTER COLUMN id SET DEFAULT nextval('public.listenports_trackers_id_seq'::regclass);


--
-- Name: listenports_tracks id; Type: DEFAULT; Schema: public; Owner: gpstrack_user
--

ALTER TABLE ONLY public.listenports_tracks ALTER COLUMN id SET DEFAULT nextval('public.listenports_tracks_id_seq'::regclass);


--
-- Data for Name: auth_group; Type: TABLE DATA; Schema: public; Owner: gpstrack_user
--

COPY public.auth_group (id, name) FROM stdin;
\.


--
-- Data for Name: auth_group_permissions; Type: TABLE DATA; Schema: public; Owner: gpstrack_user
--

COPY public.auth_group_permissions (id, group_id, permission_id) FROM stdin;
\.


--
-- Data for Name: auth_permission; Type: TABLE DATA; Schema: public; Owner: gpstrack_user
--

COPY public.auth_permission (id, name, content_type_id, codename) FROM stdin;
1	Can add log entry	1	add_logentry
2	Can change log entry	1	change_logentry
3	Can delete log entry	1	delete_logentry
4	Can view log entry	1	view_logentry
5	Can add permission	2	add_permission
6	Can change permission	2	change_permission
7	Can delete permission	2	delete_permission
8	Can view permission	2	view_permission
9	Can add group	3	add_group
10	Can change group	3	change_group
11	Can delete group	3	delete_group
12	Can view group	3	view_group
13	Can add user	4	add_user
14	Can change user	4	change_user
15	Can delete user	4	delete_user
16	Can view user	4	view_user
17	Can add content type	5	add_contenttype
18	Can change content type	5	change_contenttype
19	Can delete content type	5	delete_contenttype
20	Can view content type	5	view_contenttype
21	Can add session	6	add_session
22	Can change session	6	change_session
23	Can delete session	6	delete_session
24	Can view session	6	view_session
25	Can add tracks	7	add_tracks
26	Can change tracks	7	change_tracks
27	Can delete tracks	7	delete_tracks
28	Can view tracks	7	view_tracks
29	Can add trackers	8	add_trackers
30	Can change trackers	8	change_trackers
31	Can delete trackers	8	delete_trackers
32	Can view trackers	8	view_trackers
\.


--
-- Data for Name: auth_user; Type: TABLE DATA; Schema: public; Owner: gpstrack_user
--

COPY public.auth_user (id, password, last_login, is_superuser, username, first_name, last_name, email, is_staff, is_active, date_joined) FROM stdin;
1	pbkdf2_sha256$320000$sb5J0k6O3vSIk1FZw8sLtA$Y8WCE91+2TQomCvch16NFO4ZMn+I1VDwuOIxuF+bWBk=	2022-03-31 06:53:52.08023+00	t	vitaly			obrubov@yandex.ru	t	t	2022-03-31 06:22:07.22484+00
\.


--
-- Data for Name: auth_user_groups; Type: TABLE DATA; Schema: public; Owner: gpstrack_user
--

COPY public.auth_user_groups (id, user_id, group_id) FROM stdin;
\.


--
-- Data for Name: auth_user_user_permissions; Type: TABLE DATA; Schema: public; Owner: gpstrack_user
--

COPY public.auth_user_user_permissions (id, user_id, permission_id) FROM stdin;
\.


--
-- Data for Name: django_admin_log; Type: TABLE DATA; Schema: public; Owner: gpstrack_user
--

COPY public.django_admin_log (id, action_time, object_id, object_repr, action_flag, change_message, content_type_id, user_id) FROM stdin;
1	2022-03-31 06:56:08.044122+00	1	Trackers object (1)	1	[{"added": {}}]	8	1
\.


--
-- Data for Name: django_content_type; Type: TABLE DATA; Schema: public; Owner: gpstrack_user
--

COPY public.django_content_type (id, app_label, model) FROM stdin;
1	admin	logentry
2	auth	permission
3	auth	group
4	auth	user
5	contenttypes	contenttype
6	sessions	session
7	listenports	tracks
8	listenports	trackers
\.


--
-- Data for Name: django_migrations; Type: TABLE DATA; Schema: public; Owner: gpstrack_user
--

COPY public.django_migrations (id, app, name, applied) FROM stdin;
1	contenttypes	0001_initial	2022-03-30 11:20:15.259481+00
2	auth	0001_initial	2022-03-30 11:20:15.42631+00
3	admin	0001_initial	2022-03-30 11:20:15.44232+00
4	admin	0002_logentry_remove_auto_add	2022-03-30 11:20:15.451575+00
5	admin	0003_logentry_add_action_flag_choices	2022-03-30 11:20:15.749491+00
6	contenttypes	0002_remove_content_type_name	2022-03-30 11:20:15.940696+00
7	auth	0002_alter_permission_name_max_length	2022-03-30 11:20:15.947254+00
8	auth	0003_alter_user_email_max_length	2022-03-30 11:20:15.954593+00
9	auth	0004_alter_user_username_opts	2022-03-30 11:20:15.962339+00
10	auth	0005_alter_user_last_login_null	2022-03-30 11:20:15.970154+00
11	auth	0006_require_contenttypes_0002	2022-03-30 11:20:15.972338+00
12	auth	0007_alter_validators_add_error_messages	2022-03-30 11:20:15.979543+00
13	auth	0008_alter_user_username_max_length	2022-03-30 11:20:16.009451+00
14	auth	0009_alter_user_last_name_max_length	2022-03-30 11:20:16.017903+00
15	auth	0010_alter_group_name_max_length	2022-03-30 11:20:16.026853+00
16	auth	0011_update_proxy_permissions	2022-03-30 11:20:16.033309+00
17	auth	0012_alter_user_first_name_max_length	2022-03-30 11:20:16.040155+00
18	listenports	0001_initial	2022-03-30 11:20:16.046038+00
19	sessions	0001_initial	2022-03-30 11:20:16.054784+00
20	listenports	0002_trackers_tracks_tracker_m	2022-03-31 06:11:44.370792+00
21	listenports	0002_alter_tracks_options_alter_tracks_accuracy_and_more	2022-03-31 06:52:24.325132+00
\.


--
-- Data for Name: django_session; Type: TABLE DATA; Schema: public; Owner: gpstrack_user
--

COPY public.django_session (session_key, session_data, expire_date) FROM stdin;
cuc97k6b4tlptx7pjz4w2pjq0pa97ocy	.eJxVjDsOwjAQBe_iGln-fyjpOYO1612TAEqkOKkQd4dIKaB9M_NeosC2DmXrvJSRxFlocfrdEOqDpx3QHabbLOs8rcuIclfkQbu8zsTPy-H-HQzQh29tLIDObA3Vihayxpa8s9mDasaxD6bGxoSaM2ofXSKblCMVIKAhFcX7A-9-N_M:1nZogq:EuUGrIZjWciTEHIx6OdbtfHjRsJj28YI2P2rgkPQKvc	2022-04-14 06:53:52.083908+00
\.


--
-- Data for Name: listenports_trackers; Type: TABLE DATA; Schema: public; Owner: gpstrack_user
--

COPY public.listenports_trackers (id, tracker_id, description, resend, user_id) FROM stdin;
1	207867	Мой трекер на Meizu	t	1
\.


--
-- Data for Name: listenports_tracks; Type: TABLE DATA; Schema: public; Owner: gpstrack_user
--

COPY public.listenports_tracks (id, tracker_id, lon, lat, alt, speed, accuracy, bearing, "timestamp", tracker_m_id) FROM stdin;
427	207867	36.2644556	54.5145437	184.25312304475355	0	24.856000900268555	0	2021-10-21 05:35:56+00	1
428	207867	36.264379	54.514491	219	0	19.861000061035156	0	2022-03-31 07:12:44+00	1
429	207867	36.2643982	54.5145409	216.89999389648438	0.5903519691030978	30.17300033569336	12.603608131408691	2022-03-31 07:12:49+00	1
430	207867	36.2646926	54.5146087	219	4.839768841770172	37.24700164794922	66.21836853027344	2022-03-31 07:12:54+00	1
1	207867	36.2645371	54.5145062	214.1999969482422	0	28.663000106811523	0	2022-03-30 11:41:51+00	1
2	207867	36.2645371	54.5145062	214.1999969482422	0	28.663000106811523	0	2022-03-30 11:41:56+00	1
3	207867	36.2645371	54.5145062	214.1999969482422	0	28.663000106811523	0	2022-03-30 11:42:01+00	1
4	207867	36.2645371	54.5145062	214.1999969482422	0	28.663000106811523	0	2022-03-30 11:42:06+00	1
5	207867	36.2645371	54.5145062	214.1999969482422	0	28.663000106811523	0	2022-03-30 11:42:11+00	1
6	207867	36.2645371	54.5145062	214.1999969482422	0	28.663000106811523	0	2022-03-30 11:42:16+00	1
7	207867	36.2645371	54.5145062	214.1999969482422	0	28.663000106811523	0	2022-03-30 11:42:21+00	1
8	207867	36.2645371	54.5145062	214.1999969482422	0	28.663000106811523	0	2022-03-30 11:42:26+00	1
9	207867	36.2645371	54.5145062	214.1999969482422	0	28.663000106811523	0	2022-03-30 11:42:31+00	1
10	207867	36.2645371	54.5145062	214.1999969482422	0	28.663000106811523	0	2022-03-30 11:42:36+00	1
11	207867	36.2645371	54.5145062	214.1999969482422	0	28.663000106811523	0	2022-03-30 11:42:41+00	1
12	207867	36.2645371	54.5145062	214.1999969482422	0	28.663000106811523	0	2022-03-30 11:42:46+00	1
13	207867	36.2645371	54.5145062	214.1999969482422	0	28.663000106811523	0	2022-03-30 11:42:51+00	1
14	207867	36.2645371	54.5145062	214.1999969482422	0	28.663000106811523	0	2022-03-30 11:42:56+00	1
15	207867	36.2645371	54.5145062	214.1999969482422	0	28.663000106811523	0	2022-03-30 11:43:01+00	1
16	207867	36.2644495	54.5145305	216.89999389648438	0	26.288999557495117	0	2022-03-30 11:43:11+00	1
17	207867	36.2644495	54.5145305	216.89999389648438	0	26.288999557495117	0	2022-03-30 11:43:16+00	1
18	207867	36.2644495	54.5145305	216.89999389648438	0	26.288999557495117	0	2022-03-30 11:43:22+00	1
19	207867	36.2644495	54.5145305	216.89999389648438	0	26.288999557495117	0	2022-03-30 11:43:27+00	1
20	207867	36.2644495	54.5145305	216.89999389648438	0	26.288999557495117	0	2022-03-30 11:43:32+00	1
21	207867	36.2644495	54.5145305	216.89999389648438	0	26.288999557495117	0	2022-03-30 11:43:37+00	1
22	207867	36.2644495	54.5145305	216.89999389648438	0	26.288999557495117	0	2022-03-30 11:43:42+00	1
23	207867	36.2644495	54.5145305	216.89999389648438	0	26.288999557495117	0	2022-03-30 11:43:47+00	1
24	207867	36.2644495	54.5145305	216.89999389648438	0	26.288999557495117	0	2022-03-30 11:43:52+00	1
25	207867	36.2644495	54.5145305	216.89999389648438	0	26.288999557495117	0	2022-03-30 11:43:57+00	1
26	207867	36.2644495	54.5145305	216.89999389648438	0	26.288999557495117	0	2022-03-30 11:44:02+00	1
27	207867	36.2644495	54.5145305	216.89999389648438	0	26.288999557495117	0	2022-03-30 11:44:07+00	1
28	207867	36.2644495	54.5145305	216.89999389648438	0	26.288999557495117	0	2022-03-30 11:44:12+00	1
29	207867	36.2644495	54.5145305	216.89999389648438	0	26.288999557495117	0	2022-03-30 11:44:17+00	1
30	207867	36.2644495	54.5145305	216.89999389648438	0	26.288999557495117	0	2022-03-30 11:44:22+00	1
31	207867	36.2644495	54.5145305	216.89999389648438	0	26.288999557495117	0	2022-03-30 11:44:27+00	1
32	207867	36.2644495	54.5145305	216.89999389648438	0	26.288999557495117	0	2022-03-30 11:44:32+00	1
33	207867	36.2644495	54.5145305	216.89999389648438	0	26.288999557495117	0	2022-03-30 11:44:37+00	1
34	207867	36.2644495	54.5145305	216.89999389648438	0	26.288999557495117	0	2022-03-30 11:44:42+00	1
35	207867	36.2644495	54.5145305	216.89999389648438	0	26.288999557495117	0	2022-03-30 11:44:47+00	1
36	207867	36.2644495	54.5145305	216.89999389648438	0	26.288999557495117	0	2022-03-30 11:44:53+00	1
37	207867	36.2644495	54.5145305	216.89999389648438	0	26.288999557495117	0	2022-03-30 11:46:21+00	1
38	207867	36.2644495	54.5145305	216.89999389648438	0	26.288999557495117	0	2022-03-30 11:46:48+00	1
39	207867	36.2644495	54.5145305	216.89999389648438	0	26.288999557495117	0	2022-03-30 11:47:37+00	1
40	207867	36.2644495	54.5145305	216.89999389648438	0	26.288999557495117	0	2022-03-30 11:48:03+00	1
41	207867	36.2646845	54.5146775	220.5	0	34.12699890136719	0	2022-03-30 11:48:15+00	1
42	207867	36.2646845	54.5146775	220.5	0	34.12699890136719	0	2022-03-30 11:48:56+00	1
43	207867	36.2646845	54.5146775	220.5	0	34.12699890136719	0	2022-03-30 11:50:48+00	1
44	207867	36.2646845	54.5146775	220.5	0	34.12699890136719	0	2022-03-30 11:52:37+00	1
45	207867	36.2646845	54.5146775	220.5	0	34.12699890136719	0	2022-03-30 11:53:22+00	1
46	207867	36.2647251	54.5146162	216.89999389648438	0	36.6150016784668	0	2022-03-30 11:57:37+00	1
47	207867	36.2643211	54.5144347	216.29998779296875	0	25.812999725341797	0	2022-03-30 12:08:22+00	1
48	207867	36.2644624	54.5145819	219	0	18.520999908447266	0	2022-03-30 12:09:44+00	1
49	207867	36.2644624	54.5145819	219	0	18.520999908447266	0	2022-03-30 12:09:49+00	1
50	207867	36.2644624	54.5145819	219	0	18.520999908447266	0	2022-03-30 12:09:54+00	1
51	207867	36.2644624	54.5145819	219	0	18.520999908447266	0	2022-03-30 12:09:59+00	1
52	207867	36.2644624	54.5145819	219	0	18.520999908447266	0	2022-03-30 12:10:04+00	1
53	207867	36.2644624	54.5145819	219	0	18.520999908447266	0	2022-03-30 12:10:09+00	1
54	207867	36.2644624	54.5145819	219	0	18.520999908447266	0	2022-03-30 12:10:14+00	1
55	207867	36.2644624	54.5145819	219	0	18.520999908447266	0	2022-03-30 12:10:19+00	1
56	207867	36.2644624	54.5145819	219	0	18.520999908447266	0	2022-03-30 12:10:24+00	1
57	207867	36.2644624	54.5145819	219	0	18.520999908447266	0	2022-03-30 12:10:29+00	1
58	207867	36.2644624	54.5145819	219	0	18.520999908447266	0	2022-03-30 12:10:34+00	1
59	207867	36.2644624	54.5145819	219	0	18.520999908447266	0	2022-03-30 12:10:39+00	1
60	207867	36.2644624	54.5145819	219	0	18.520999908447266	0	2022-03-30 12:10:44+00	1
61	207867	36.2644624	54.5145819	219	0	18.520999908447266	0	2022-03-30 12:10:49+00	1
62	207867	36.2644624	54.5145819	219	0	18.520999908447266	0	2022-03-30 12:10:54+00	1
63	207867	36.2644624	54.5145819	219	0	18.520999908447266	0	2022-03-30 12:10:59+00	1
64	207867	36.2644624	54.5145819	219	0	18.520999908447266	0	2022-03-30 12:11:04+00	1
65	207867	36.2644624	54.5145819	219	0	18.520999908447266	0	2022-03-30 12:11:09+00	1
66	207867	36.2644624	54.5145819	219	0	18.520999908447266	0	2022-03-30 12:11:14+00	1
67	207867	36.2644624	54.5145819	219	0	18.520999908447266	0	2022-03-30 12:11:19+00	1
68	207867	36.2644624	54.5145819	219	0	18.520999908447266	0	2022-03-30 12:11:24+00	1
69	207867	36.2644624	54.5145819	219	0	18.520999908447266	0	2022-03-30 12:11:29+00	1
70	207867	36.2644624	54.5145819	219	0	18.520999908447266	0	2022-03-30 12:11:34+00	1
71	207867	36.2644624	54.5145819	219	0	18.520999908447266	0	2022-03-30 12:11:39+00	1
72	207867	36.2644624	54.5145819	219	0	18.520999908447266	0	2022-03-30 12:11:44+00	1
73	207867	36.2644624	54.5145819	219	0	18.520999908447266	0	2022-03-30 12:11:50+00	1
74	207867	36.2644624	54.5145819	219	0	18.520999908447266	0	2022-03-30 12:12:36+00	1
75	207867	36.2644624	54.5145819	219	0	18.520999908447266	0	2022-03-30 12:13:23+00	1
76	207867	36.2644553	54.5145441	216.89999389648438	0	32.74700164794922	0	2022-03-30 12:16:28+00	1
77	207867	36.2644553	54.5145441	216.89999389648438	0	32.74700164794922	0	2022-03-30 12:16:33+00	1
78	207867	36.2644553	54.5145441	216.89999389648438	0	32.74700164794922	0	2022-03-30 12:16:38+00	1
79	207867	36.2644553	54.5145441	216.89999389648438	0	32.74700164794922	0	2022-03-30 12:16:43+00	1
80	207867	36.2644553	54.5145441	216.89999389648438	0	32.74700164794922	0	2022-03-30 12:16:48+00	1
81	207867	36.2644553	54.5145441	216.89999389648438	0	32.74700164794922	0	2022-03-30 12:16:53+00	1
82	207867	36.2644553	54.5145441	216.89999389648438	0	32.74700164794922	0	2022-03-30 12:16:58+00	1
83	207867	36.2644553	54.5145441	216.89999389648438	0	32.74700164794922	0	2022-03-30 12:17:03+00	1
84	207867	36.2644553	54.5145441	216.89999389648438	0	32.74700164794922	0	2022-03-30 12:17:08+00	1
85	207867	36.2644553	54.5145441	216.89999389648438	0	32.74700164794922	0	2022-03-30 12:17:13+00	1
86	207867	36.2644553	54.5145441	216.89999389648438	0	32.74700164794922	0	2022-03-30 12:17:18+00	1
87	207867	36.2644553	54.5145441	216.89999389648438	0	32.74700164794922	0	2022-03-30 12:17:23+00	1
88	207867	36.2644553	54.5145441	216.89999389648438	0	32.74700164794922	0	2022-03-30 12:17:28+00	1
89	207867	36.2644553	54.5145441	216.89999389648438	0	32.74700164794922	0	2022-03-30 12:17:34+00	1
90	207867	36.2644553	54.5145441	216.89999389648438	0	32.74700164794922	0	2022-03-30 12:17:39+00	1
91	207867	36.2644553	54.5145441	216.89999389648438	0	32.74700164794922	0	2022-03-30 12:17:44+00	1
92	207867	36.2644553	54.5145441	216.89999389648438	0	32.74700164794922	0	2022-03-30 12:17:49+00	1
93	207867	36.2644553	54.5145441	216.89999389648438	0	32.74700164794922	0	2022-03-30 12:17:54+00	1
94	207867	36.2644553	54.5145441	216.89999389648438	0	32.74700164794922	0	2022-03-30 12:17:59+00	1
95	207867	36.2644553	54.5145441	216.89999389648438	0	32.74700164794922	0	2022-03-30 12:18:04+00	1
96	207867	36.2644553	54.5145441	216.89999389648438	0	32.74700164794922	0	2022-03-30 12:18:09+00	1
97	207867	36.2644553	54.5145441	216.89999389648438	0	32.74700164794922	0	2022-03-30 12:18:14+00	1
98	207867	36.2644553	54.5145441	216.89999389648438	0	32.74700164794922	0	2022-03-30 12:18:19+00	1
99	207867	36.2644553	54.5145441	216.89999389648438	0	32.74700164794922	0	2022-03-30 12:18:24+00	1
100	207867	36.2644553	54.5145441	216.89999389648438	0	32.74700164794922	0	2022-03-30 12:18:29+00	1
101	207867	36.2644553	54.5145441	216.89999389648438	0	32.74700164794922	0	2022-03-30 12:18:36+00	1
102	207867	36.2644553	54.5145441	216.89999389648438	0	32.74700164794922	0	2022-03-30 12:18:59+00	1
103	207867	36.2646909	54.5146992	219	0	28.1200008392334	0	2022-03-30 12:19:32+00	1
104	207867	36.2646909	54.5146992	219	0	28.1200008392334	0	2022-03-30 12:20:36+00	1
105	207867	36.2646909	54.5146992	219	0	28.1200008392334	0	2022-03-30 12:24:32+00	1
106	207867	36.2646885	54.5146257	213.6999969482422	0	49.729000091552734	0	2022-03-30 12:27:37+00	1
107	207867	36.2646885	54.5146257	213.6999969482422	0	49.729000091552734	0	2022-03-30 12:28:37+00	1
108	207867	36.2646885	54.5146257	213.6999969482422	0	49.729000091552734	0	2022-03-30 12:30:00+00	1
109	207867	36.2644912	54.5145933	216.89999389648438	0	31.115999221801758	0	2022-03-30 12:39:41+00	1
110	207867	36.2644912	54.5145933	216.89999389648438	0	31.115999221801758	0	2022-03-30 12:39:51+00	1
111	207867	36.2644912	54.5145933	216.89999389648438	0	31.115999221801758	0	2022-03-30 12:39:46+00	1
112	207867	36.2644912	54.5145933	216.89999389648438	0	31.115999221801758	0	2022-03-30 12:39:56+00	1
113	207867	36.2644912	54.5145933	216.89999389648438	0	31.115999221801758	0	2022-03-30 12:40:01+00	1
114	207867	36.2644912	54.5145933	216.89999389648438	0	31.115999221801758	0	2022-03-30 12:40:06+00	1
115	207867	36.2644912	54.5145933	216.89999389648438	0	31.115999221801758	0	2022-03-30 12:40:11+00	1
116	207867	36.2644912	54.5145933	216.89999389648438	0	31.115999221801758	0	2022-03-30 12:40:16+00	1
117	207867	36.2644912	54.5145933	216.89999389648438	0	31.115999221801758	0	2022-03-30 12:40:21+00	1
118	207867	36.2644912	54.5145933	216.89999389648438	0	31.115999221801758	0	2022-03-30 12:40:26+00	1
119	207867	36.2644912	54.5145933	216.89999389648438	0	31.115999221801758	0	2022-03-30 12:40:32+00	1
120	207867	36.2644234	54.5145643	219	0	28.100000381469727	0	2022-03-30 12:40:38+00	1
121	207867	36.2644234	54.5145643	219	0	28.100000381469727	0	2022-03-30 12:40:43+00	1
122	207867	36.2644234	54.5145643	219	0	28.100000381469727	0	2022-03-30 12:40:48+00	1
123	207867	36.2644234	54.5145643	219	0	28.100000381469727	0	2022-03-30 12:40:53+00	1
124	207867	36.2644234	54.5145643	219	0	28.100000381469727	0	2022-03-30 12:40:58+00	1
125	207867	36.2644234	54.5145643	219	0	28.100000381469727	0	2022-03-30 12:41:03+00	1
126	207867	36.2644234	54.5145643	219	0	28.100000381469727	0	2022-03-30 12:41:08+00	1
127	207867	36.2644234	54.5145643	219	0	28.100000381469727	0	2022-03-30 12:41:13+00	1
128	207867	36.2644234	54.5145643	219	0	28.100000381469727	0	2022-03-30 12:41:18+00	1
129	207867	36.2644234	54.5145643	219	0	28.100000381469727	0	2022-03-30 12:41:27+00	1
130	207867	36.2644234	54.5145643	219	0	28.100000381469727	0	2022-03-30 12:41:54+00	1
131	207867	36.2644234	54.5145643	219	0	28.100000381469727	0	2022-03-30 12:41:59+00	1
132	207867	36.2644234	54.5145643	219	0	28.100000381469727	0	2022-03-30 12:42:05+00	1
133	207867	36.2644234	54.5145643	219	0	28.100000381469727	0	2022-03-30 12:42:10+00	1
134	207867	36.2644234	54.5145643	219	0	28.100000381469727	0	2022-03-30 12:42:15+00	1
135	207867	36.2644234	54.5145643	219	0	28.100000381469727	0	2022-03-30 12:42:20+00	1
136	207867	36.2644234	54.5145643	219	0	28.100000381469727	0	2022-03-30 12:42:25+00	1
137	207867	36.2644234	54.5145643	219	0	28.100000381469727	0	2022-03-30 12:42:30+00	1
138	207867	36.2644234	54.5145643	219	0	28.100000381469727	0	2022-03-30 12:42:35+00	1
139	207867	36.2644234	54.5145643	219	0	28.100000381469727	0	2022-03-30 12:42:40+00	1
140	207867	36.2644234	54.5145643	219	0	28.100000381469727	0	2022-03-30 12:42:45+00	1
141	207867	36.2644234	54.5145643	219	0	28.100000381469727	0	2022-03-30 12:42:50+00	1
142	207867	36.2644234	54.5145643	219	0	28.100000381469727	0	2022-03-30 12:42:55+00	1
143	207867	36.2644234	54.5145643	219	0	28.100000381469727	0	2022-03-30 12:43:00+00	1
144	207867	36.2644234	54.5145643	219	0	28.100000381469727	0	2022-03-30 12:43:05+00	1
145	207867	36.2644234	54.5145643	219	0	28.100000381469727	0	2022-03-30 12:43:10+00	1
146	207867	36.2644234	54.5145643	219	0	28.100000381469727	0	2022-03-30 12:43:15+00	1
147	207867	36.2644234	54.5145643	219	0	28.100000381469727	0	2022-03-30 12:43:20+00	1
148	207867	36.2644234	54.5145643	219	0	28.100000381469727	0	2022-03-30 12:43:25+00	1
149	207867	36.2644234	54.5145643	219	0	28.100000381469727	0	2022-03-30 12:43:30+00	1
150	207867	36.2644234	54.5145643	219	0	28.100000381469727	0	2022-03-30 12:43:35+00	1
151	207867	36.2644234	54.5145643	219	0	28.100000381469727	0	2022-03-30 12:43:40+00	1
152	207867	36.2644234	54.5145643	219	0	28.100000381469727	0	2022-03-30 12:43:45+00	1
153	207867	36.2644234	54.5145643	219	0	28.100000381469727	0	2022-03-30 12:43:50+00	1
154	207867	36.2644234	54.5145643	219	0	28.100000381469727	0	2022-03-30 12:43:55+00	1
155	207867	36.2644234	54.5145643	219	0	28.100000381469727	0	2022-03-30 12:44:00+00	1
156	207867	36.2644234	54.5145643	219	0	28.100000381469727	0	2022-03-30 12:44:05+00	1
157	207867	36.2644234	54.5145643	219	0	28.100000381469727	0	2022-03-30 12:44:11+00	1
158	207867	36.2644234	54.5145643	219	0	28.100000381469727	0	2022-03-30 12:44:21+00	1
159	207867	36.2644234	54.5145643	219	0	28.100000381469727	0	2022-03-30 12:44:26+00	1
160	207867	36.2644234	54.5145643	219	0	28.100000381469727	0	2022-03-30 12:44:31+00	1
161	207867	36.2644234	54.5145643	219	0	28.100000381469727	0	2022-03-30 12:44:36+00	1
162	207867	36.2644234	54.5145643	219	0	28.100000381469727	0	2022-03-30 12:44:41+00	1
163	207867	36.2644234	54.5145643	219	0	28.100000381469727	0	2022-03-30 12:44:46+00	1
164	207867	36.2644234	54.5145643	219	0	28.100000381469727	0	2022-03-30 12:44:51+00	1
165	207867	36.2644234	54.5145643	219	0	28.100000381469727	0	2022-03-30 12:45:47+00	1
166	207867	36.2644568	54.5145755	213.6999969482422	0	18.020000457763672	0	2022-03-30 12:47:27+00	1
167	207867	36.2644568	54.5145755	213.6999969482422	0	18.020000457763672	0	2022-03-30 12:47:37+00	1
168	207867	36.2644568	54.5145755	213.6999969482422	0	18.020000457763672	0	2022-03-30 12:48:56+00	1
169	207867	36.2644568	54.5145755	213.6999969482422	0	18.020000457763672	0	2022-03-30 12:50:41+00	1
170	207867	36.2644568	54.5145755	213.6999969482422	0	18.020000457763672	0	2022-03-30 12:50:46+00	1
171	207867	36.2644568	54.5145755	213.6999969482422	0	18.020000457763672	0	2022-03-30 12:50:51+00	1
172	207867	36.2644568	54.5145755	213.6999969482422	0	18.020000457763672	0	2022-03-30 12:50:56+00	1
173	207867	36.2645542	54.5145222	216.29998779296875	0	31.31599998474121	0	2022-03-30 12:51:10+00	1
174	207867	36.2645542	54.5145222	216.29998779296875	0	31.31599998474121	0	2022-03-30 12:51:05+00	1
175	207867	36.2645542	54.5145222	216.29998779296875	0	31.31599998474121	0	2022-03-30 12:51:15+00	1
176	207867	36.2645542	54.5145222	216.29998779296875	0	31.31599998474121	0	2022-03-30 12:51:20+00	1
177	207867	36.2645542	54.5145222	216.29998779296875	0	31.31599998474121	0	2022-03-30 12:51:25+00	1
178	207867	36.2645542	54.5145222	216.29998779296875	0	31.31599998474121	0	2022-03-30 12:51:30+00	1
179	207867	36.2645542	54.5145222	216.29998779296875	0	31.31599998474121	0	2022-03-30 12:51:35+00	1
180	207867	36.2645542	54.5145222	216.29998779296875	0	31.31599998474121	0	2022-03-30 12:51:40+00	1
181	207867	36.2645542	54.5145222	216.29998779296875	0	31.31599998474121	0	2022-03-30 12:51:45+00	1
182	207867	36.2645542	54.5145222	216.29998779296875	0	31.31599998474121	0	2022-03-30 12:51:50+00	1
183	207867	36.2645542	54.5145222	216.29998779296875	0	31.31599998474121	0	2022-03-30 12:51:55+00	1
184	207867	36.2645542	54.5145222	216.29998779296875	0	31.31599998474121	0	2022-03-30 12:52:00+00	1
185	207867	36.2645542	54.5145222	216.29998779296875	0	31.31599998474121	0	2022-03-30 12:52:06+00	1
186	207867	36.2645542	54.5145222	216.29998779296875	0	31.31599998474121	0	2022-03-30 12:52:11+00	1
187	207867	36.2645542	54.5145222	216.29998779296875	0	31.31599998474121	0	2022-03-30 12:52:16+00	1
188	207867	36.2645542	54.5145222	216.29998779296875	0	31.31599998474121	0	2022-03-30 12:52:21+00	1
189	207867	36.2645542	54.5145222	216.29998779296875	0	31.31599998474121	0	2022-03-30 12:52:26+00	1
190	207867	36.2645542	54.5145222	216.29998779296875	0	31.31599998474121	0	2022-03-30 12:52:31+00	1
191	207867	36.2645542	54.5145222	216.29998779296875	0	31.31599998474121	0	2022-03-30 12:52:36+00	1
192	207867	36.2645542	54.5145222	216.29998779296875	0	31.31599998474121	0	2022-03-30 12:52:41+00	1
193	207867	36.2645542	54.5145222	216.29998779296875	0	31.31599998474121	0	2022-03-30 12:52:48+00	1
194	207867	36.2337533	54.5112367	154.5	0	5.5	321	2022-03-30 15:18:18+00	1
195	207867	36.2336233	54.511315	154.3	0	5.599999904632568	321	2022-03-30 15:18:28+00	1
196	207867	36.2328583	54.5118167	262.4	0	13.5	0	2022-03-30 15:18:39+00	1
197	207867	36.2331833	54.511685	135.2	0	7.900000095367432	0	2022-03-30 15:18:45+00	1
198	207867	36.23336	54.5115267	138.3	0	7	0	2022-03-30 15:18:48+00	1
199	207867	36.23357	54.5113867	143.7	0	6.300000190734863	0	2022-03-30 15:18:53+00	1
200	207867	36.23362	54.5113083	158.8	0	5.5	0	2022-03-31 04:39:19+00	1
201	207867	36.23362	54.5113083	158.8	0	5.5	0	2022-03-31 04:39:29+00	1
202	207867	36.2418317	54.5182417	142.3	16.581945358692167	3.299999952316284	98	2022-03-31 04:59:34+00	1
203	207867	36.2421417	54.5182033	142.3	19.569555148956297	3.200000047683716	103	2022-03-31 04:59:36+00	1
204	207867	36.2424483	54.5181733	141.9	19.44648917397308	3.200000047683716	104	2022-03-31 04:59:38+00	1
205	207867	36.242755	54.5181367	141.4	19.753655440818786	3.200000047683716	104	2022-03-31 04:59:40+00	1
206	207867	36.2430683	54.5180933	140.8	20.642134460884094	3.200000047683716	104	2022-03-31 04:59:42+00	1
207	207867	36.2434	54.5180517	140	21.563631407627106	3.299999952316284	102	2022-03-31 04:59:44+00	1
208	207867	36.2437417	54.5180183	139.8	21.628666212169644	3.4000000953674316	102	2022-03-31 04:59:46+00	1
209	207867	36.2440767	54.5179817	139.1	21.2354542384758	3.5	101	2022-03-31 04:59:48+00	1
210	207867	36.2444167	54.5179533	138.8	21.724718699558256	3.5	100	2022-03-31 04:59:50+00	1
211	207867	36.2447483	54.51791	138.4	21.209439945899963	3.5999999046325684	104	2022-03-31 04:59:52+00	1
212	207867	36.2450817	54.517885	139.4	20.582103046611785	3.5	101	2022-03-31 04:59:54+00	1
213	207867	36.2454	54.5178467	140	20.856249532985686	3.5	103	2022-03-31 04:59:56+00	1
214	207867	36.24575	54.51781	139.1	23.63975103168869	3.5	101	2022-03-31 04:59:58+00	1
215	207867	36.246125	54.5177633	137.6	24.44918797900772	3.5999999046325684	102	2022-03-31 05:00:00+00	1
216	207867	36.2465133	54.517715	137.6	24.755353197040556	3.5	103	2022-03-31 05:00:02+00	1
217	207867	36.2468883	54.5176717	140.4	21.441566481456757	3.5	102	2022-03-31 05:00:04+00	1
218	207867	36.2472883	54.5176383	146	12.472728037096022	3.5	100	2022-03-31 05:00:07+00	1
219	207867	36.2474283	54.5176283	147.8	2.932581766262054	3.5	89	2022-03-31 05:00:10+00	1
220	207867	36.2475167	54.517635	155.4	4.663515660324096	3.5	101	2022-03-31 05:00:14+00	1
221	207867	36.247895	54.5175783	158.2	13.191115887296675	3.4000000953674316	100	2022-03-31 05:00:19+00	1
222	207867	36.248235	54.5175283	159.5	14.622888197427748	3.299999952316284	102	2022-03-31 05:00:22+00	1
223	207867	36.248605	54.51749	159.1	16.315801701438904	3.200000047683716	99	2022-03-31 05:00:25+00	1
224	207867	36.2489883	54.5174517	158.5	16.075672336761475	3.299999952316284	101	2022-03-31 05:00:28+00	1
225	207867	36.2493683	54.5174033	158.6	16.44487026171112	3.299999952316284	101	2022-03-31 05:00:31+00	1
226	207867	36.24977	54.517355	158.2	17.586486719638824	3.200000047683716	101	2022-03-31 05:00:34+00	1
227	207867	36.2501333	54.5173217	157.8	12.35566464740181	3.200000047683716	100	2022-03-31 05:00:37+00	1
228	207867	36.2504767	54.517295	154.9	8.320487862075804	3.200000047683716	102	2022-03-31 05:00:45+00	1
229	207867	36.250845	54.5172667	155.6	13.661368763008117	3.200000047683716	99	2022-03-31 05:00:49+00	1
230	207867	36.251195	54.5172267	155.8	15.536380461256027	3.200000047683716	101	2022-03-31 05:00:52+00	1
231	207867	36.2515817	54.5171683	155.3	16.524913383270263	3.0999999046325684	103	2022-03-31 05:00:55+00	1
232	207867	36.2519717	54.5171183	155.8	15.405309803358078	3.0999999046325684	104	2022-03-31 05:00:58+00	1
233	207867	36.2523667	54.5170633	155.9	17.269315526046753	3.0999999046325684	101	2022-03-31 05:01:01+00	1
234	207867	36.2527883	54.5170217	156.5	17.80560518201065	3.200000047683716	100	2022-03-31 05:01:04+00	1
235	207867	36.2531817	54.51698	157.2	14.708933904275893	3.200000047683716	102	2022-03-31 05:01:07+00	1
236	207867	36.2535233	54.5169483	155.8	6.018246141540527	3.0999999046325684	99	2022-03-31 05:01:11+00	1
237	207867	36.25364	54.516955	158.7	5.1647857554330825	1.5	89	2022-03-31 05:01:32+00	1
238	207867	36.25391	54.5169317	158.7	13.186112497026443	2.200000047683716	99	2022-03-31 05:01:35+00	1
239	207867	36.254245	54.5168967	158.5	14.35174114990425	2.4000000953674316	99	2022-03-31 05:01:38+00	1
240	207867	36.2546167	54.5168467	158.4	16.075672336761475	2.5	101	2022-03-31 05:01:41+00	1
241	207867	36.254985	54.5167967	157.8	16.202740653202056	2.700000047683716	102	2022-03-31 05:01:44+00	1
242	207867	36.25541	54.5167467	156.7	18.94021615204239	2.799999952316284	100	2022-03-31 05:01:47+00	1
243	207867	36.2557267	54.5167117	155.8	20.888268264644623	2.9000000953674316	101	2022-03-31 05:01:49+00	1
244	207867	36.2560683	54.51667	154.4	22.3650636720314	2.9000000953674316	101	2022-03-31 05:01:51+00	1
245	207867	36.25644	54.5166267	153.7	24.341130321041106	3	102	2022-03-31 05:01:53+00	1
246	207867	36.2568067	54.5165833	152.9	22.3500553550148	3	102	2022-03-31 05:01:55+00	1
247	207867	36.2571433	54.5165533	152.4	20.601111851291655	3	99	2022-03-31 05:01:57+00	1
248	207867	36.2574533	54.5165217	151.8	18.605035348789215	3.0999999046325684	102	2022-03-31 05:01:59+00	1
249	207867	36.2578633	54.5164717	152.2	13.399227447212219	3.0999999046325684	100	2022-03-31 05:02:02+00	1
250	207867	36.2581917	54.5164317	153.9	8.383522422786712	3	99	2022-03-31 05:02:08+00	1
251	207867	36.2585933	54.5163867	153.8	12.78189454777336	3	100	2022-03-31 05:02:12+00	1
252	207867	36.2589417	54.516345	153.2	15.629430729103088	3	101	2022-03-31 05:02:15+00	1
253	207867	36.2593367	54.5162883	153.1	16.629969748592377	3	105	2022-03-31 05:02:18+00	1
254	207867	36.2597517	54.5162383	156.1	16.995167185878753	3	100	2022-03-31 05:02:21+00	1
255	207867	36.2600983	54.5161983	156.9	12.804907547704696	3	103	2022-03-31 05:02:24+00	1
256	207867	36.260485	54.516145	155.4	12.194578282367706	3	101	2022-03-31 05:02:28+00	1
257	207867	36.26081	54.5160933	154	13.32718900856781	3	105	2022-03-31 05:02:31+00	1
258	207867	36.2611267	54.516045	153.2	13.447253690906525	3	103	2022-03-31 05:02:34+00	1
259	207867	36.26143	54.5160033	152.8	11.970457356622695	3	104	2022-03-31 05:02:37+00	1
260	207867	36.2617917	54.5159517	151.8	16.386839091270446	3	103	2022-03-31 05:02:40+00	1
261	207867	36.2622	54.5158933	151.7	18.13878388763809	3	104	2022-03-31 05:02:43+00	1
262	207867	36.262655	54.5158367	151.2	20.077830268512724	3	102	2022-03-31 05:02:46+00	1
263	207867	36.2629567	54.515795	150.7	18.579021056213378	3.0999999046325684	105	2022-03-31 05:02:48+00	1
264	207867	36.2633567	54.5157333	151.7	17.297330062454222	3.0999999046325684	106	2022-03-31 05:02:51+00	1
265	207867	36.2637967	54.5156467	150.9	20.310955999088286	3.200000047683716	110	2022-03-31 05:02:54+00	1
266	207867	36.26419	54.51556	149.8	15.944599825069426	3.299999952316284	109	2022-03-31 05:02:57+00	1
267	207867	36.264525	54.5155083	148.7	6.455482017471313	3.4000000953674316	113	2022-03-31 05:03:01+00	1
268	207867	36.2646617	54.5155283	150.3	5.895179703108787	2.299999952316284	96	2022-03-31 05:03:48+00	1
269	207867	36.2648867	54.5154883	149.9	3.719006177098274	1.600000023841858	135	2022-03-31 05:04:02+00	1
270	207867	36.2648967	54.5154683	149.8	4.490422270917892	1.7999999523162842	176	2022-03-31 05:04:03+00	1
271	207867	36.2648883	54.5154367	149.7	7.190878891968727	2	194	2022-03-31 05:04:04+00	1
272	207867	36.2648333	54.5153483	149.5	11.039954678152084	2.200000047683716	207	2022-03-31 05:04:06+00	1
273	207867	36.264705	54.5151433	149.3	13.066047814687728	2.5	201	2022-03-31 05:04:10+00	1
274	207867	36.2645883	54.5149567	148.8	8.732710494243621	2.700000047683716	202	2022-03-31 05:04:14+00	1
275	207867	36.2644783	54.5147533	147.9	8.061348765821457	2	200	2022-03-31 05:05:16+00	1
276	207867	36.264335	54.5145517	145.6	10.005396683172226	2.4000000953674316	204	2022-03-31 05:05:21+00	1
277	207867	36.2642	54.51436	146	8.333495008363723	2.5999999046325684	203	2022-03-31 05:05:27+00	1
278	207867	36.2640883	54.5141633	146.3	7.017785502562522	2.700000047683716	200	2022-03-31 05:05:32+00	1
279	207867	36.2639967	54.5139733	153.5	7.538066256145477	1.7000000476837158	200	2022-03-31 05:06:39+00	1
280	207867	36.2638933	54.5137767	153.5	13.946523078735352	1.7999999523162842	200	2022-03-31 05:06:43+00	1
281	207867	36.2637333	54.51355	153.3	19.520529710243224	1.899999976158142	202	2022-03-31 05:06:46+00	1
282	207867	36.26361	54.51338	153.7	20.22791158488464	2	204	2022-03-31 05:06:48+00	1
283	207867	36.2634633	54.5131733	153.5	25.329662316158295	2.200000047683716	202	2022-03-31 05:06:50+00	1
284	207867	36.2633033	54.5129267	156	25.929987581645964	3.5999999046325684	202	2022-03-31 05:06:52+00	1
285	207867	36.2631367	54.5126983	156.5	25.219604414360045	3.4000000953674316	202	2022-03-31 05:06:54+00	1
286	207867	36.2629617	54.5124683	156.6	23.378610764705655	3.700000047683716	206	2022-03-31 05:06:56+00	1
287	207867	36.2627733	54.5122533	158.5	22.186967819252015	3.4000000953674316	212	2022-03-31 05:06:58+00	1
288	207867	36.262565	54.5120817	159.7	22.152948843761443	3.200000047683716	217	2022-03-31 05:07:00+00	1
289	207867	36.26234	54.5119283	160.5	22.09491767332077	3.0999999046325684	220	2022-03-31 05:07:02+00	1
290	207867	36.2621067	54.51177	161.6	21.301490091831205	3	221	2022-03-31 05:07:04+00	1
291	207867	36.2618817	54.511615	162.8	21.348515286712644	2.9000000953674316	220	2022-03-31 05:07:06+00	1
292	207867	36.2616617	54.5114633	164.7	19.980778586105345	3.4000000953674316	221	2022-03-31 05:07:08+00	1
293	207867	36.26137	54.5112633	167.6	17.144247453437803	3.299999952316284	225	2022-03-31 05:07:11+00	1
294	207867	36.261095	54.5111067	169.5	15.648441387577057	3	225	2022-03-31 05:07:14+00	1
295	207867	36.26083	54.5109333	171.7	17.468422281131744	2.9000000953674316	221	2022-03-31 05:07:17+00	1
296	207867	36.260575	54.510775	174.1	12.331651525554657	2.799999952316284	221	2022-03-31 05:07:20+00	1
297	207867	36.26033	54.5106267	175	12.47372815901184	1.100000023841858	222	2022-03-31 05:07:52+00	1
298	207867	36.2601067	54.5104833	173.9	17.255308257843016	1.2000000476837158	221	2022-03-31 05:07:55+00	1
299	207867	36.259895	54.51035	174.5	20.505061217697143	3.0999999046325684	221	2022-03-31 05:07:57+00	1
300	207867	36.25968	54.5102117	175.2	19.51252502732849	2.9000000953674316	220	2022-03-31 05:07:59+00	1
301	207867	36.2594633	54.51007	175.3	20.65114019261169	2.799999952316284	220	2022-03-31 05:08:01+00	1
302	207867	36.2592567	54.5099233	175.5	20.423015998512266	2.700000047683716	218	2022-03-31 05:08:03+00	1
303	207867	36.259065	54.509775	175.7	19.01425668831253	2.700000047683716	219	2022-03-31 05:08:05+00	1
304	207867	36.25883	54.5096283	175.3	4.8906378787136076	2.700000047683716	226	2022-03-31 05:08:09+00	1
305	207867	36.2586067	54.5094717	173.8	9.262996638021468	2.5999999046325684	222	2022-03-31 05:08:17+00	1
306	207867	36.2583617	54.5093133	173.8	13.094063277992248	2.5999999046325684	219	2022-03-31 05:08:21+00	1
307	207867	36.2581267	54.50916	174	15.219209267663954	2.5999999046325684	223	2022-03-31 05:08:24+00	1
308	207867	36.2578617	54.5089933	174.1	16.615962480388642	2.700000047683716	223	2022-03-31 05:08:27+00	1
309	207867	36.25757	54.508805	172.9	18.529995617500305	2.700000047683716	221	2022-03-31 05:08:30+00	1
310	207867	36.2573683	54.5086683	172.1	19.790675708953856	2.700000047683716	221	2022-03-31 05:08:32+00	1
311	207867	36.2571333	54.50852	173.2	21.849786772167203	3.700000047683716	221	2022-03-31 05:08:34+00	1
312	207867	36.2568917	54.5083533	172.7	23.39962166701126	3.9000000953674316	221	2022-03-31 05:08:36+00	1
313	207867	36.2566383	54.5081833	171.6	24.198052638771056	3.700000047683716	222	2022-03-31 05:08:38+00	1
314	207867	36.2563817	54.5080117	169.9	21.998867039726257	3.9000000953674316	223	2022-03-31 05:08:40+00	1
315	207867	36.2561483	54.5078733	168.8	18.4909751055336	3.5	225	2022-03-31 05:08:42+00	1
316	207867	36.2558967	54.5077517	167.2	10.639739070356368	3.200000047683716	247	2022-03-31 05:08:45+00	1
317	207867	36.25582	54.5077433	166.9	9.982384610137938	3.0999999046325684	271	2022-03-31 05:08:46+00	1
318	207867	36.25574	54.507755	166.4	11.333113676794051	3	293	2022-03-31 05:08:47+00	1
319	207867	36.25565	54.5077833	166	12.612803499824523	3	303	2022-03-31 05:08:48+00	1
320	207867	36.2553267	54.507915	165.4	17.722558914012907	2.9000000953674316	308	2022-03-31 05:08:51+00	1
321	207867	36.2549767	54.5080817	164.6	19.0512769564476	2.9000000953674316	312	2022-03-31 05:08:54+00	1
322	207867	36.2547467	54.5082033	163.9	19.153332029125213	2.9000000953674316	312	2022-03-31 05:08:56+00	1
323	207867	36.2545083	54.5083283	163.7	19.8647143914299	2.799999952316284	312	2022-03-31 05:08:58+00	1
324	207867	36.25426	54.5084633	162.9	21.437564139999388	2.9000000953674316	312	2022-03-31 05:09:00+00	1
325	207867	36.2539933	54.508595	162.8	21.392539188949584	3.5	309	2022-03-31 05:09:02+00	1
326	207867	36.2536933	54.5087267	164.1	21.463578432575225	4	307	2022-03-31 05:09:04+00	1
327	207867	36.253435	54.5088467	163.2	19.15033073648071	4.199999809265137	311	2022-03-31 05:09:06+00	1
328	207867	36.2531817	54.50898	163	10.062427731697081	3.5999999046325684	315	2022-03-31 05:09:09+00	1
329	207867	36.2530667	54.5090417	164.2	5.927197044422149	3	301	2022-03-31 05:09:15+00	1
330	207867	36.2527783	54.5091333	164.3	12.120537746097565	2.9000000953674316	298	2022-03-31 05:09:19+00	1
331	207867	36.2524917	54.5092383	165.3	15.51636968086624	2.9000000953674316	303	2022-03-31 05:09:22+00	1
332	207867	36.25216	54.509355	166	16.182728945915223	2.799999952316284	300	2022-03-31 05:09:25+00	1
333	207867	36.2518117	54.5094583	166.3	16.8160702842865	2.799999952316284	297	2022-03-31 05:09:28+00	1
334	207867	36.251435	54.5095583	166.9	17.382376574283597	2.799999952316284	296	2022-03-31 05:09:31+00	1
335	207867	36.251135	54.5096317	166.8	10.645742582542418	2.700000047683716	291	2022-03-31 05:09:34+00	1
336	207867	36.2509983	54.509655	166.3	3.7530244574160574	2.700000047683716	272	2022-03-31 05:09:37+00	1
337	207867	36.2509267	54.5096333	166.4	6.804670552376747	2.5999999046325684	217	2022-03-31 05:09:43+00	1
338	207867	36.2506483	54.5094717	164.5	12.880948327806472	2.5	225	2022-03-31 05:09:47+00	1
339	207867	36.2503767	54.5093267	163.9	15.711474094493866	2.4000000953674316	227	2022-03-31 05:09:50+00	1
340	207867	36.2500883	54.5091667	163.4	15.555390192832945	2.4000000953674316	225	2022-03-31 05:09:53+00	1
341	207867	36.24984	54.5090183	162.5	14.05558178551483	2.4000000953674316	224	2022-03-31 05:09:56+00	1
342	207867	36.24961	54.5088733	161.5	13.702391372600555	2.5	222	2022-03-31 05:09:59+00	1
343	207867	36.2493717	54.5087367	158.9	4.29631751575756	2.5	224	2022-03-31 05:10:05+00	1
344	207867	36.2492183	54.508645	156.1	4.321330759520531	2.5	245	2022-03-31 05:10:11+00	1
345	207867	36.2491833	54.50864	155.8	5.129767121475219	2.5	276	2022-03-31 05:10:12+00	1
346	207867	36.249135	54.5086517	155.5	7.6541285970268245	2.5	302	2022-03-31 05:10:13+00	1
347	207867	36.249	54.5087183	154.6	13.426241861703872	2.5	313	2022-03-31 05:10:15+00	1
348	207867	36.2487533	54.508855	153.4	13.871482420549391	2.5	314	2022-03-31 05:10:18+00	1
349	207867	36.2485083	54.50899	152.7	13.880487225379943	2.5	314	2022-03-31 05:10:21+00	1
350	207867	36.2482233	54.5091517	152.6	17.42039603743744	2.5	315	2022-03-31 05:10:24+00	1
351	207867	36.247915	54.5093333	152.2	18.676074592414857	2.5	316	2022-03-31 05:10:27+00	1
352	207867	36.2476217	54.5095267	152.8	18.513986251670836	2.5	321	2022-03-31 05:10:30+00	1
353	207867	36.2474217	54.5096683	154.3	20.04181104919052	2.5	322	2022-03-31 05:10:32+00	1
354	207867	36.2472133	54.5098183	155.2	20.846244606239317	3.5999999046325684	320	2022-03-31 05:10:34+00	1
355	207867	36.246985	54.5099817	156.2	23.041429717620847	3.700000047683716	321	2022-03-31 05:10:36+00	1
356	207867	36.2467333	54.51015	156.3	24.52322851527786	3.799999952316284	323	2022-03-31 05:10:38+00	1
357	207867	36.2464983	54.5103383	157.8	24.233070809280395	3.9000000953674316	320	2022-03-31 05:10:40+00	1
358	207867	36.2462417	54.5105133	159.5	23.346593886840818	4.099999904632568	316	2022-03-31 05:10:42+00	1
359	207867	36.2459733	54.510655	160.2	22.927367620571136	4.300000190734863	313	2022-03-31 05:10:44+00	1
360	207867	36.245695	54.5107917	160.8	23.20651749721527	4.199999809265137	312	2022-03-31 05:10:46+00	1
361	207867	36.2454117	54.5109417	162.2	22.46211720823288	4.199999809265137	315	2022-03-31 05:10:48+00	1
362	207867	36.245175	54.5110667	162.4	16.215746872592923	4.199999809265137	315	2022-03-31 05:10:50+00	1
363	207867	36.2449083	54.5112117	163.3	9.662212123901366	3.4000000953674316	314	2022-03-31 05:10:54+00	1
364	207867	36.24469	54.51136	164.8	13.441250178720473	3.0999999046325684	317	2022-03-31 05:10:58+00	1
365	207867	36.24441	54.51151	165.2	16.16672143387985	3	312	2022-03-31 05:11:01+00	1
366	207867	36.2440917	54.5116683	166.9	18.67807483624649	2.9000000953674316	308	2022-03-31 05:11:04+00	1
367	207867	36.24385	54.5117917	169	20.39400041329193	2.799999952316284	308	2022-03-31 05:11:06+00	1
368	207867	36.2436	54.5119183	170.4	21.052354995426178	3.700000047683716	312	2022-03-31 05:11:08+00	1
369	207867	36.2433383	54.5120617	171.7	21.621662578067777	3.9000000953674316	312	2022-03-31 05:11:10+00	1
370	207867	36.243075	54.5121933	173.2	21.03834772722244	3.9000000953674316	306	2022-03-31 05:11:12+00	1
371	207867	36.2428133	54.51227	174.5	18.195815863059998	3.9000000953674316	288	2022-03-31 05:11:14+00	1
372	207867	36.2425467	54.5122967	174.9	16.89311211320114	3.5	277	2022-03-31 05:11:16+00	1
373	207867	36.24227	54.51234	175.1	18.01771815648651	3.299999952316284	295	2022-03-31 05:11:18+00	1
374	207867	36.2419833	54.5124283	174.7	21.03834772722244	3.200000047683716	301	2022-03-31 05:11:20+00	1
375	207867	36.2416633	54.512535	174	22.778287353012082	3.799999952316284	303	2022-03-31 05:11:22+00	1
376	207867	36.2413433	54.5126383	172.4	22.389077720775603	3.9000000953674316	301	2022-03-31 05:11:24+00	1
377	207867	36.241035	54.5127433	171.2	23.002407351860047	4	301	2022-03-31 05:11:26+00	1
378	207867	36.2407133	54.5128617	170	23.317578301620483	4	303	2022-03-31 05:11:28+00	1
379	207867	36.240405	54.5129767	168.1	21.201437116779328	3.799999952316284	303	2022-03-31 05:11:30+00	1
380	207867	36.24004	54.5131217	165.7	16.59395052927017	3.4000000953674316	305	2022-03-31 05:11:33+00	1
381	207867	36.2397683	54.5132083	164.9	9.18795597983551	3.200000047683716	303	2022-03-31 05:11:36+00	1
382	207867	36.23943	54.5133017	173.2	9.372055344800948	2	304	2022-03-31 05:12:16+00	1
383	207867	36.239175	54.5134133	172.8	11.341117432811737	2.200000047683716	309	2022-03-31 05:12:20+00	1
384	207867	36.2389167	54.5135183	172.6	14.341736223157882	2.299999952316284	298	2022-03-31 05:12:23+00	1
385	207867	36.238595	54.513625	172.5	16.383837798625944	2.4000000953674316	301	2022-03-31 05:12:26+00	1
386	207867	36.2382283	54.5137633	172.2	19.219367882480622	2.5	302	2022-03-31 05:12:29+00	1
387	207867	36.2379517	54.5138617	172.7	19.322422150177	3.299999952316284	303	2022-03-31 05:12:31+00	1
388	207867	36.237695	54.5139667	172.2	17.604496329299927	3.0999999046325684	302	2022-03-31 05:12:33+00	1
389	207867	36.2373983	54.5140917	172	12.572781939044951	2.9000000953674316	304	2022-03-31 05:12:36+00	1
390	207867	36.2371383	54.5141933	170.7	5.144774975043297	2.799999952316284	302	2022-03-31 05:12:41+00	1
391	207867	36.2369133	54.5142817	169.2	2.9545937173805235	2.4000000953674316	260	2022-03-31 05:12:54+00	1
392	207867	36.2368867	54.5142717	169.2	4.743558781883239	2.5	226	2022-03-31 05:12:55+00	1
393	207867	36.2366267	54.5141267	169.2	15.663449704593658	2.5999999046325684	229	2022-03-31 05:12:59+00	1
394	207867	36.2362683	54.5139567	169.3	20.09784012200546	2.5999999046325684	230	2022-03-31 05:13:02+00	1
395	207867	36.2359967	54.5138167	168.9	22.89134840124893	2.5999999046325684	229	2022-03-31 05:13:04+00	1
396	207867	36.2357017	54.5136683	168.9	23.787832104228972	2.700000047683716	229	2022-03-31 05:13:06+00	1
397	207867	36.2353917	54.5135167	168.7	24.8323950259552	2.700000047683716	230	2022-03-31 05:13:08+00	1
398	207867	36.235085	54.51336	168.9	25.129554512260437	2.799999952316284	228	2022-03-31 05:13:10+00	1
399	207867	36.2347717	54.513205	169	25.350675072257996	2.9000000953674316	231	2022-03-31 05:13:12+00	1
400	207867	36.234445	54.5130533	168.9	26.02203587378311	2.9000000953674316	231	2022-03-31 05:13:14+00	1
401	207867	36.2341067	54.512885	168.3	26.994560356864927	2.9000000953674316	228	2022-03-31 05:13:16+00	1
402	207867	36.23376	54.51271	168	28.390313447673797	2.799999952316284	229	2022-03-31 05:13:18+00	1
403	207867	36.233385	54.51253	167.2	29.65699797821045	2.9000000953674316	230	2022-03-31 05:13:20+00	1
404	207867	36.23301	54.51235	166.1	30.200291268276214	2.9000000953674316	230	2022-03-31 05:13:22+00	1
405	207867	36.23267	54.5121933	165.5	25.07252439063263	2.9000000953674316	231	2022-03-31 05:13:24+00	1
406	207867	36.232385	54.5120633	164.1	20.14886765834427	2.9000000953674316	231	2022-03-31 05:13:26+00	1
407	207867	36.2321017	54.511925	160.2	11.791360455030441	3	228	2022-03-31 05:13:29+00	1
408	207867	36.2320167	54.511865	156.7	7.124843038613319	3	204	2022-03-31 05:13:31+00	1
409	207867	36.23201	54.5118317	155.3	6.5985592362928385	3	175	2022-03-31 05:13:32+00	1
410	207867	36.2320283	54.5118017	153.9	7.011782453824996	3	156	2022-03-31 05:13:33+00	1
411	207867	36.2320733	54.5117683	152.7	9.290011052513123	3	134	2022-03-31 05:13:34+00	1
412	207867	36.2321333	54.511745	151.9	9.713239660240173	3	121	2022-03-31 05:13:35+00	1
413	207867	36.23247	54.5116283	147.6	11.233058847948074	3	125	2022-03-31 05:13:39+00	1
414	207867	36.23254	54.5115883	146.2	10.223515023628234	3	136	2022-03-31 05:13:40+00	1
415	207867	36.2327617	54.5114233	141	7.635118402001381	3	134	2022-03-31 05:13:45+00	1
416	207867	36.2330167	54.5113183	134.1	4.823601903442382	3	55	2022-03-31 05:13:54+00	1
417	207867	36.2331017	54.5113267	133.2	5.704076704041481	2.9000000953674316	43	2022-03-31 05:13:56+00	1
418	207867	36.2333867	54.511415	127.7	8.332494886447906	3.0999999046325684	54	2022-03-31 05:14:02+00	1
419	207867	36.2335967	54.5114683	123.5	4.3733588812236786	3	34	2022-03-31 05:14:06+00	1
420	207867	36.2335833	54.5114767	123.6	5.091746731424331	1.7999999523162842	220	2022-03-31 05:14:23+00	1
421	207867	36.233405	54.5113583	120.2	2.352268903234005	2.4000000953674316	231	2022-03-31 05:14:29+00	1
422	207867	36.2333933	54.5113533	119.5	0	2.5	243	2022-03-31 05:14:30+00	1
423	207867	36.2333833	54.5113533	119	0	2.5	273	2022-03-31 05:14:31+00	1
424	207867	36.2333833	54.5113483	118.4	0	2.5999999046325684	262	2022-03-31 05:14:32+00	1
425	207867	36.2332083	54.5111883	137.4	0.9194960077385902	8.699999809265137	182	2022-03-31 05:16:21+00	1
426	207867	36.2334567	54.5112567	118.3	0.254137096329689	7	153	2022-03-31 05:16:22+00	1
\.


--
-- Name: auth_group_id_seq; Type: SEQUENCE SET; Schema: public; Owner: gpstrack_user
--

SELECT pg_catalog.setval('public.auth_group_id_seq', 1, false);


--
-- Name: auth_group_permissions_id_seq; Type: SEQUENCE SET; Schema: public; Owner: gpstrack_user
--

SELECT pg_catalog.setval('public.auth_group_permissions_id_seq', 1, false);


--
-- Name: auth_permission_id_seq; Type: SEQUENCE SET; Schema: public; Owner: gpstrack_user
--

SELECT pg_catalog.setval('public.auth_permission_id_seq', 32, true);


--
-- Name: auth_user_groups_id_seq; Type: SEQUENCE SET; Schema: public; Owner: gpstrack_user
--

SELECT pg_catalog.setval('public.auth_user_groups_id_seq', 1, false);


--
-- Name: auth_user_id_seq; Type: SEQUENCE SET; Schema: public; Owner: gpstrack_user
--

SELECT pg_catalog.setval('public.auth_user_id_seq', 1, true);


--
-- Name: auth_user_user_permissions_id_seq; Type: SEQUENCE SET; Schema: public; Owner: gpstrack_user
--

SELECT pg_catalog.setval('public.auth_user_user_permissions_id_seq', 1, false);


--
-- Name: django_admin_log_id_seq; Type: SEQUENCE SET; Schema: public; Owner: gpstrack_user
--

SELECT pg_catalog.setval('public.django_admin_log_id_seq', 1, true);


--
-- Name: django_content_type_id_seq; Type: SEQUENCE SET; Schema: public; Owner: gpstrack_user
--

SELECT pg_catalog.setval('public.django_content_type_id_seq', 8, true);


--
-- Name: django_migrations_id_seq; Type: SEQUENCE SET; Schema: public; Owner: gpstrack_user
--

SELECT pg_catalog.setval('public.django_migrations_id_seq', 21, true);


--
-- Name: listenports_trackers_id_seq; Type: SEQUENCE SET; Schema: public; Owner: gpstrack_user
--

SELECT pg_catalog.setval('public.listenports_trackers_id_seq', 1, true);


--
-- Name: listenports_tracks_id_seq; Type: SEQUENCE SET; Schema: public; Owner: gpstrack_user
--

SELECT pg_catalog.setval('public.listenports_tracks_id_seq', 430, true);


--
-- Name: auth_group auth_group_name_key; Type: CONSTRAINT; Schema: public; Owner: gpstrack_user
--

ALTER TABLE ONLY public.auth_group
    ADD CONSTRAINT auth_group_name_key UNIQUE (name);


--
-- Name: auth_group_permissions auth_group_permissions_group_id_permission_id_0cd325b0_uniq; Type: CONSTRAINT; Schema: public; Owner: gpstrack_user
--

ALTER TABLE ONLY public.auth_group_permissions
    ADD CONSTRAINT auth_group_permissions_group_id_permission_id_0cd325b0_uniq UNIQUE (group_id, permission_id);


--
-- Name: auth_group_permissions auth_group_permissions_pkey; Type: CONSTRAINT; Schema: public; Owner: gpstrack_user
--

ALTER TABLE ONLY public.auth_group_permissions
    ADD CONSTRAINT auth_group_permissions_pkey PRIMARY KEY (id);


--
-- Name: auth_group auth_group_pkey; Type: CONSTRAINT; Schema: public; Owner: gpstrack_user
--

ALTER TABLE ONLY public.auth_group
    ADD CONSTRAINT auth_group_pkey PRIMARY KEY (id);


--
-- Name: auth_permission auth_permission_content_type_id_codename_01ab375a_uniq; Type: CONSTRAINT; Schema: public; Owner: gpstrack_user
--

ALTER TABLE ONLY public.auth_permission
    ADD CONSTRAINT auth_permission_content_type_id_codename_01ab375a_uniq UNIQUE (content_type_id, codename);


--
-- Name: auth_permission auth_permission_pkey; Type: CONSTRAINT; Schema: public; Owner: gpstrack_user
--

ALTER TABLE ONLY public.auth_permission
    ADD CONSTRAINT auth_permission_pkey PRIMARY KEY (id);


--
-- Name: auth_user_groups auth_user_groups_pkey; Type: CONSTRAINT; Schema: public; Owner: gpstrack_user
--

ALTER TABLE ONLY public.auth_user_groups
    ADD CONSTRAINT auth_user_groups_pkey PRIMARY KEY (id);


--
-- Name: auth_user_groups auth_user_groups_user_id_group_id_94350c0c_uniq; Type: CONSTRAINT; Schema: public; Owner: gpstrack_user
--

ALTER TABLE ONLY public.auth_user_groups
    ADD CONSTRAINT auth_user_groups_user_id_group_id_94350c0c_uniq UNIQUE (user_id, group_id);


--
-- Name: auth_user auth_user_pkey; Type: CONSTRAINT; Schema: public; Owner: gpstrack_user
--

ALTER TABLE ONLY public.auth_user
    ADD CONSTRAINT auth_user_pkey PRIMARY KEY (id);


--
-- Name: auth_user_user_permissions auth_user_user_permissions_pkey; Type: CONSTRAINT; Schema: public; Owner: gpstrack_user
--

ALTER TABLE ONLY public.auth_user_user_permissions
    ADD CONSTRAINT auth_user_user_permissions_pkey PRIMARY KEY (id);


--
-- Name: auth_user_user_permissions auth_user_user_permissions_user_id_permission_id_14a6b632_uniq; Type: CONSTRAINT; Schema: public; Owner: gpstrack_user
--

ALTER TABLE ONLY public.auth_user_user_permissions
    ADD CONSTRAINT auth_user_user_permissions_user_id_permission_id_14a6b632_uniq UNIQUE (user_id, permission_id);


--
-- Name: auth_user auth_user_username_key; Type: CONSTRAINT; Schema: public; Owner: gpstrack_user
--

ALTER TABLE ONLY public.auth_user
    ADD CONSTRAINT auth_user_username_key UNIQUE (username);


--
-- Name: django_admin_log django_admin_log_pkey; Type: CONSTRAINT; Schema: public; Owner: gpstrack_user
--

ALTER TABLE ONLY public.django_admin_log
    ADD CONSTRAINT django_admin_log_pkey PRIMARY KEY (id);


--
-- Name: django_content_type django_content_type_app_label_model_76bd3d3b_uniq; Type: CONSTRAINT; Schema: public; Owner: gpstrack_user
--

ALTER TABLE ONLY public.django_content_type
    ADD CONSTRAINT django_content_type_app_label_model_76bd3d3b_uniq UNIQUE (app_label, model);


--
-- Name: django_content_type django_content_type_pkey; Type: CONSTRAINT; Schema: public; Owner: gpstrack_user
--

ALTER TABLE ONLY public.django_content_type
    ADD CONSTRAINT django_content_type_pkey PRIMARY KEY (id);


--
-- Name: django_migrations django_migrations_pkey; Type: CONSTRAINT; Schema: public; Owner: gpstrack_user
--

ALTER TABLE ONLY public.django_migrations
    ADD CONSTRAINT django_migrations_pkey PRIMARY KEY (id);


--
-- Name: django_session django_session_pkey; Type: CONSTRAINT; Schema: public; Owner: gpstrack_user
--

ALTER TABLE ONLY public.django_session
    ADD CONSTRAINT django_session_pkey PRIMARY KEY (session_key);


--
-- Name: listenports_trackers listenports_trackers_pkey; Type: CONSTRAINT; Schema: public; Owner: gpstrack_user
--

ALTER TABLE ONLY public.listenports_trackers
    ADD CONSTRAINT listenports_trackers_pkey PRIMARY KEY (id);


--
-- Name: listenports_tracks listenports_tracks_pkey; Type: CONSTRAINT; Schema: public; Owner: gpstrack_user
--

ALTER TABLE ONLY public.listenports_tracks
    ADD CONSTRAINT listenports_tracks_pkey PRIMARY KEY (id);


--
-- Name: auth_group_name_a6ea08ec_like; Type: INDEX; Schema: public; Owner: gpstrack_user
--

CREATE INDEX auth_group_name_a6ea08ec_like ON public.auth_group USING btree (name varchar_pattern_ops);


--
-- Name: auth_group_permissions_group_id_b120cbf9; Type: INDEX; Schema: public; Owner: gpstrack_user
--

CREATE INDEX auth_group_permissions_group_id_b120cbf9 ON public.auth_group_permissions USING btree (group_id);


--
-- Name: auth_group_permissions_permission_id_84c5c92e; Type: INDEX; Schema: public; Owner: gpstrack_user
--

CREATE INDEX auth_group_permissions_permission_id_84c5c92e ON public.auth_group_permissions USING btree (permission_id);


--
-- Name: auth_permission_content_type_id_2f476e4b; Type: INDEX; Schema: public; Owner: gpstrack_user
--

CREATE INDEX auth_permission_content_type_id_2f476e4b ON public.auth_permission USING btree (content_type_id);


--
-- Name: auth_user_groups_group_id_97559544; Type: INDEX; Schema: public; Owner: gpstrack_user
--

CREATE INDEX auth_user_groups_group_id_97559544 ON public.auth_user_groups USING btree (group_id);


--
-- Name: auth_user_groups_user_id_6a12ed8b; Type: INDEX; Schema: public; Owner: gpstrack_user
--

CREATE INDEX auth_user_groups_user_id_6a12ed8b ON public.auth_user_groups USING btree (user_id);


--
-- Name: auth_user_user_permissions_permission_id_1fbb5f2c; Type: INDEX; Schema: public; Owner: gpstrack_user
--

CREATE INDEX auth_user_user_permissions_permission_id_1fbb5f2c ON public.auth_user_user_permissions USING btree (permission_id);


--
-- Name: auth_user_user_permissions_user_id_a95ead1b; Type: INDEX; Schema: public; Owner: gpstrack_user
--

CREATE INDEX auth_user_user_permissions_user_id_a95ead1b ON public.auth_user_user_permissions USING btree (user_id);


--
-- Name: auth_user_username_6821ab7c_like; Type: INDEX; Schema: public; Owner: gpstrack_user
--

CREATE INDEX auth_user_username_6821ab7c_like ON public.auth_user USING btree (username varchar_pattern_ops);


--
-- Name: django_admin_log_content_type_id_c4bce8eb; Type: INDEX; Schema: public; Owner: gpstrack_user
--

CREATE INDEX django_admin_log_content_type_id_c4bce8eb ON public.django_admin_log USING btree (content_type_id);


--
-- Name: django_admin_log_user_id_c564eba6; Type: INDEX; Schema: public; Owner: gpstrack_user
--

CREATE INDEX django_admin_log_user_id_c564eba6 ON public.django_admin_log USING btree (user_id);


--
-- Name: django_session_expire_date_a5c62663; Type: INDEX; Schema: public; Owner: gpstrack_user
--

CREATE INDEX django_session_expire_date_a5c62663 ON public.django_session USING btree (expire_date);


--
-- Name: django_session_session_key_c0390e0f_like; Type: INDEX; Schema: public; Owner: gpstrack_user
--

CREATE INDEX django_session_session_key_c0390e0f_like ON public.django_session USING btree (session_key varchar_pattern_ops);


--
-- Name: listenports_trackers_user_id_b27c59c9; Type: INDEX; Schema: public; Owner: gpstrack_user
--

CREATE INDEX listenports_trackers_user_id_b27c59c9 ON public.listenports_trackers USING btree (user_id);


--
-- Name: listenports_tracks_tracker_m_id_7b5f42fb; Type: INDEX; Schema: public; Owner: gpstrack_user
--

CREATE INDEX listenports_tracks_tracker_m_id_7b5f42fb ON public.listenports_tracks USING btree (tracker_m_id);


--
-- Name: auth_group_permissions auth_group_permissio_permission_id_84c5c92e_fk_auth_perm; Type: FK CONSTRAINT; Schema: public; Owner: gpstrack_user
--

ALTER TABLE ONLY public.auth_group_permissions
    ADD CONSTRAINT auth_group_permissio_permission_id_84c5c92e_fk_auth_perm FOREIGN KEY (permission_id) REFERENCES public.auth_permission(id) DEFERRABLE INITIALLY DEFERRED;


--
-- Name: auth_group_permissions auth_group_permissions_group_id_b120cbf9_fk_auth_group_id; Type: FK CONSTRAINT; Schema: public; Owner: gpstrack_user
--

ALTER TABLE ONLY public.auth_group_permissions
    ADD CONSTRAINT auth_group_permissions_group_id_b120cbf9_fk_auth_group_id FOREIGN KEY (group_id) REFERENCES public.auth_group(id) DEFERRABLE INITIALLY DEFERRED;


--
-- Name: auth_permission auth_permission_content_type_id_2f476e4b_fk_django_co; Type: FK CONSTRAINT; Schema: public; Owner: gpstrack_user
--

ALTER TABLE ONLY public.auth_permission
    ADD CONSTRAINT auth_permission_content_type_id_2f476e4b_fk_django_co FOREIGN KEY (content_type_id) REFERENCES public.django_content_type(id) DEFERRABLE INITIALLY DEFERRED;


--
-- Name: auth_user_groups auth_user_groups_group_id_97559544_fk_auth_group_id; Type: FK CONSTRAINT; Schema: public; Owner: gpstrack_user
--

ALTER TABLE ONLY public.auth_user_groups
    ADD CONSTRAINT auth_user_groups_group_id_97559544_fk_auth_group_id FOREIGN KEY (group_id) REFERENCES public.auth_group(id) DEFERRABLE INITIALLY DEFERRED;


--
-- Name: auth_user_groups auth_user_groups_user_id_6a12ed8b_fk_auth_user_id; Type: FK CONSTRAINT; Schema: public; Owner: gpstrack_user
--

ALTER TABLE ONLY public.auth_user_groups
    ADD CONSTRAINT auth_user_groups_user_id_6a12ed8b_fk_auth_user_id FOREIGN KEY (user_id) REFERENCES public.auth_user(id) DEFERRABLE INITIALLY DEFERRED;


--
-- Name: auth_user_user_permissions auth_user_user_permi_permission_id_1fbb5f2c_fk_auth_perm; Type: FK CONSTRAINT; Schema: public; Owner: gpstrack_user
--

ALTER TABLE ONLY public.auth_user_user_permissions
    ADD CONSTRAINT auth_user_user_permi_permission_id_1fbb5f2c_fk_auth_perm FOREIGN KEY (permission_id) REFERENCES public.auth_permission(id) DEFERRABLE INITIALLY DEFERRED;


--
-- Name: auth_user_user_permissions auth_user_user_permissions_user_id_a95ead1b_fk_auth_user_id; Type: FK CONSTRAINT; Schema: public; Owner: gpstrack_user
--

ALTER TABLE ONLY public.auth_user_user_permissions
    ADD CONSTRAINT auth_user_user_permissions_user_id_a95ead1b_fk_auth_user_id FOREIGN KEY (user_id) REFERENCES public.auth_user(id) DEFERRABLE INITIALLY DEFERRED;


--
-- Name: django_admin_log django_admin_log_content_type_id_c4bce8eb_fk_django_co; Type: FK CONSTRAINT; Schema: public; Owner: gpstrack_user
--

ALTER TABLE ONLY public.django_admin_log
    ADD CONSTRAINT django_admin_log_content_type_id_c4bce8eb_fk_django_co FOREIGN KEY (content_type_id) REFERENCES public.django_content_type(id) DEFERRABLE INITIALLY DEFERRED;


--
-- Name: django_admin_log django_admin_log_user_id_c564eba6_fk_auth_user_id; Type: FK CONSTRAINT; Schema: public; Owner: gpstrack_user
--

ALTER TABLE ONLY public.django_admin_log
    ADD CONSTRAINT django_admin_log_user_id_c564eba6_fk_auth_user_id FOREIGN KEY (user_id) REFERENCES public.auth_user(id) DEFERRABLE INITIALLY DEFERRED;


--
-- Name: listenports_trackers listenports_trackers_user_id_b27c59c9_fk_auth_user_id; Type: FK CONSTRAINT; Schema: public; Owner: gpstrack_user
--

ALTER TABLE ONLY public.listenports_trackers
    ADD CONSTRAINT listenports_trackers_user_id_b27c59c9_fk_auth_user_id FOREIGN KEY (user_id) REFERENCES public.auth_user(id) DEFERRABLE INITIALLY DEFERRED;


--
-- Name: listenports_tracks listenports_tracks_tracker_m_id_7b5f42fb_fk_listenpor; Type: FK CONSTRAINT; Schema: public; Owner: gpstrack_user
--

ALTER TABLE ONLY public.listenports_tracks
    ADD CONSTRAINT listenports_tracks_tracker_m_id_7b5f42fb_fk_listenpor FOREIGN KEY (tracker_m_id) REFERENCES public.listenports_trackers(id) DEFERRABLE INITIALLY DEFERRED;


--
-- PostgreSQL database dump complete
--

